{
  "method": "Fine-Tuned Bioformer-8L (exact primary checkpoint inference)",
  "model_path": "/Users/shiyinli/Documents/Classification/results/outputs_hparam_search_base16/lr3e-05_wu0.04_uf8_rd1.0/best_model",
  "dataset_csv": "/Users/shiyinli/Documents/Classification/outcome_3cls.csv",
  "n_test_samples": 4503,
  "accuracy": 0.9153897401732178,
  "macro_f1": 0.9151846159003062,
  "weighted_f1": 0.9154229974842245,
  "kappa": 0.84978603188701,
  "per_class_f1": {
    "Objective": 0.9157733537519143,
    "Semi-objective": 0.9065989847715736,
    "Subjective": 0.9231815091774304
  },
  "classification_report": {
    "Objective": {
      "precision": 0.8794117647058823,
      "recall": 0.9552715654952076,
      "f1-score": 0.9157733537519143,
      "support": 313.0
    },
    "Semi-objective": {
      "precision": 0.9052204764318297,
      "recall": 0.9079816980172852,
      "f1-score": 0.9065989847715736,
      "support": 1967.0
    },
    "Subjective": {
      "precision": 0.9301369863013699,
      "recall": 0.9163292847503374,
      "f1-score": 0.9231815091774304,
      "support": 2223.0
    },
    "accuracy": 0.9153897401732178,
    "macro avg": {
      "precision": 0.9049230758130272,
      "recall": 0.9265275160876101,
      "f1-score": 0.9151846159003062,
      "support": 4503.0
    },
    "weighted avg": {
      "precision": 0.9157270886169876,
      "recall": 0.9153897401732178,
      "f1-score": 0.9154229974842245,
      "support": 4503.0
    }
  },
  "confusion_matrix": [
    [
      299,
      13,
      1
    ],
    [
      29,
      1786,
      152
    ],
    [
      12,
      174,
      2037
    ]
  ],
  "inference_time": 8.975226879119873,
  "time_per_sample": 0.0019931660846368806,
  "artifact_id": "table1_primary_reference_bioformer8l",
  "run_family": "primary_evaluation",
  "paper_role": "Primary Bioformer-8L reference checkpoint selected by validation macro F1 in the reduced sweep",
  "nominal_hparams": {
    "learning_rate": 3e-05,
    "warmup_ratio": 0.04,
    "unfreeze_blocks": 8,
    "rdrop_alpha": 1.0
  },
  "provenance_note": "This is the validation-selected primary reference checkpoint used for the main evaluation. It was chosen by validation macro F1 within the reduced 16-run sweep and then evaluated once on the held-out test set."
}